<?xml version="1.0" encoding="UTF-8"?>
<simplicite xmlns:xsi="http://www.w3.org/2001/XMLSchema-instance" xmlns="http://www.simplicite.fr/base" xsi:schemaLocation="http://www.simplicite.fr/base https://www.simplicite.io/resources/schemas/base.xsd">
<object>
	<name>RHService</name>
	<action>upsert</action>
	<data>
		<rhSrvCode>COM</rhSrvCode>
		<rhSrvLibelle>Direction de la Communication</rhSrvLibelle>
		<rhSrvLogo>RHService/rhSrvLogo/0/1/acme-com.png</rhSrvLogo>
		<rhSrvDescription><![CDATA[<p>La <strong>direction de la communication</strong> a pour mission de promouvoir et valoriser l'image de l'entreprise auprès :</p>
<ul>
	<li>du grand public,</li>
	<li>des professionnels,</li>
	<li>des étudiants etdes chercheurs,</li>
	<li>des institutionnels,</li>
	<li>des journalistes</li>
	<li>...</li>
</ul>]]></rhSrvDescription>
	</data>
	<data>
		<rhSrvCode>DRH</rhSrvCode>
		<rhSrvLibelle>Direction des Resources Humaines</rhSrvLibelle>
		<rhSrvLogo>RHService/rhSrvLogo/0/2/acme-drh.png</rhSrvLogo>
		<rhSrvDescription><![CDATA[<p>La direction des <strong>ressources humaines</strong> est en charge :</p>
<ul>
	<li>de la gestion et du développement des ressources humaines,</li>
	<li>du dialogue et de l'organisation de la vie sociale de l'entreprise.</li>
</ul>]]></rhSrvDescription>
	</data>
	<data>
		<rhSrvCode>DSI</rhSrvCode>
		<rhSrvLibelle>Direction des Systèmes d'Information</rhSrvLibelle>
		<rhSrvLogo>RHService/rhSrvLogo/0/3/acme-dsi.png</rhSrvLogo>
		<rhSrvDescription><![CDATA[<p>La direction des systèmes d'information accompagne et outille les directions opérationnelles de l'entreprise.</p>]]></rhSrvDescription>
	</data>
	<data>
		<rhSrvCode>MKT</rhSrvCode>
		<rhSrvLibelle>Direction du Marketing</rhSrvLibelle>
		<rhSrvLogo>RHService/rhSrvLogo/0/4/acme-mkt.png</rhSrvLogo>
		<rhSrvDescription><![CDATA[<p>La <strong>direction marketing</strong> est en charge de présenter les produits de l'entreprise.</p>]]></rhSrvDescription>
	</data>
</object>
<object>
	<name>RHCollaborateur</name>
	<action>upsert</action>
	<data>
		<rhColMatricule>S0005</rhColMatricule>
		<rhColCivilite>MLLE</rhColCivilite>
		<rhColNom>RAYMOND</rhColNom>
		<rhColPrenom>Solène</rhColPrenom>
		<rhColUsrId.usr_login/>
		<rhColPhoto>RHCollaborateur/rhColPhoto/0/1/photo5.png</rhColPhoto>
		<rhColDateNaissance>1981-02-20</rhColDateNaissance>
		<rhColEmail>demo@simplicite.fr</rhColEmail>
		<rhColTelephone>+33 1 44 44 44 44</rhColTelephone>
		<rhColMobile>+33 1 65 65 65 65</rhColMobile>
		<rhColFax/>
		<rhColAdresse>71 Boulevard Richard-Lenoir, 75011 Paris, France</rhColAdresse>
		<rhColComplement/>
		<rhColCodePostal>75011</rhColCodePostal>
		<rhColVille>Paris</rhColVille>
		<rhColCoords>48.8607813;2.3717926</rhColCoords>
		<rhColStatut>STG</rhColStatut>
		<rhColDateDebut>2013-01-01</rhColDateDebut>
		<rhColDateFin/>
		<rhColSrvId.rhSrvCode>COM</rhColSrvId.rhSrvCode>
		<rhColSrvId.rhSrvLibelle>Direction de la Communication</rhColSrvId.rhSrvLibelle>
		<rhColDateDebutSrv>2013-01-01</rhColDateDebutSrv>
		<rhColTitre>Chargée de communication</rhColTitre>
	</data>
	<data>
		<rhColMatricule>S0004</rhColMatricule>
		<rhColCivilite>M</rhColCivilite>
		<rhColNom>COLIN</rhColNom>
		<rhColPrenom>Henri</rhColPrenom>
		<rhColUsrId.usr_login/>
		<rhColPhoto>RHCollaborateur/rhColPhoto/0/2/photo4.png</rhColPhoto>
		<rhColDateNaissance>1982-07-12</rhColDateNaissance>
		<rhColEmail>demo@simplicite.fr</rhColEmail>
		<rhColTelephone>+33 1 44 44 44 44</rhColTelephone>
		<rhColMobile>+33 1 65 65 65 65</rhColMobile>
		<rhColFax/>
		<rhColAdresse>38 Rue de Trévise, 75009 Paris, France</rhColAdresse>
		<rhColComplement/>
		<rhColCodePostal>75009</rhColCodePostal>
		<rhColVille>Paris</rhColVille>
		<rhColCoords>48.8753213;2.3455624</rhColCoords>
		<rhColStatut>CDD</rhColStatut>
		<rhColDateDebut>2012-01-01</rhColDateDebut>
		<rhColDateFin/>
		<rhColSrvId.rhSrvCode>DSI</rhColSrvId.rhSrvCode>
		<rhColSrvId.rhSrvLibelle>Direction des Systèmes d'Information</rhColSrvId.rhSrvLibelle>
		<rhColDateDebutSrv>2012-01-01</rhColDateDebutSrv>
		<rhColTitre>Developpeur</rhColTitre>
	</data>
	<data>
		<rhColMatricule>S0003</rhColMatricule>
		<rhColCivilite>M</rhColCivilite>
		<rhColNom>MARTIN</rhColNom>
		<rhColPrenom>Jean</rhColPrenom>
		<rhColUsrId.usr_login/>
		<rhColPhoto>RHCollaborateur/rhColPhoto/0/3/photo3.png</rhColPhoto>
		<rhColDateNaissance>1965-12-15</rhColDateNaissance>
		<rhColEmail>demo@simplicite.fr</rhColEmail>
		<rhColTelephone>+33 1 44 44 44 44</rhColTelephone>
		<rhColMobile>+33 1 65 65 65 65</rhColMobile>
		<rhColFax/>
		<rhColAdresse>8 Av. des Champs-Élysées, 75008 Paris, France</rhColAdresse>
		<rhColComplement/>
		<rhColCodePostal>75008</rhColCodePostal>
		<rhColVille>Paris</rhColVille>
		<rhColCoords>48.86666899999999;2.3174956</rhColCoords>
		<rhColStatut>CDI</rhColStatut>
		<rhColDateDebut>2011-05-01</rhColDateDebut>
		<rhColDateFin/>
		<rhColSrvId.rhSrvCode>DSI</rhColSrvId.rhSrvCode>
		<rhColSrvId.rhSrvLibelle>Direction des Systèmes d'Information</rhColSrvId.rhSrvLibelle>
		<rhColDateDebutSrv>2010-05-01</rhColDateDebutSrv>
		<rhColTitre>Directeur de projet</rhColTitre>
	</data>
	<data>
		<rhColMatricule>S0001</rhColMatricule>
		<rhColCivilite>MLLE</rhColCivilite>
		<rhColNom>DUPONT</rhColNom>
		<rhColPrenom>Jeanne</rhColPrenom>
		<rhColUsrId.usr_login/>
		<rhColPhoto>RHCollaborateur/rhColPhoto/0/4/photo1.png</rhColPhoto>
		<rhColDateNaissance>1975-01-01</rhColDateNaissance>
		<rhColEmail>demo@simplicite.fr</rhColEmail>
		<rhColTelephone>+33 1 44 44 44 44</rhColTelephone>
		<rhColMobile>+33 1 65 65 65 65</rhColMobile>
		<rhColFax/>
		<rhColAdresse>20 Avenue de la République, 75011 Paris, France</rhColAdresse>
		<rhColComplement/>
		<rhColCodePostal>75011</rhColCodePostal>
		<rhColVille>Paris</rhColVille>
		<rhColCoords>48.86621679999999;2.3685917</rhColCoords>
		<rhColStatut>CDI</rhColStatut>
		<rhColDateDebut>2012-01-01</rhColDateDebut>
		<rhColDateFin/>
		<rhColSrvId.rhSrvCode>MKT</rhColSrvId.rhSrvCode>
		<rhColSrvId.rhSrvLibelle>Direction du Marketing</rhColSrvId.rhSrvLibelle>
		<rhColDateDebutSrv>2012-01-01</rhColDateDebutSrv>
		<rhColTitre>Directrice Marketing</rhColTitre>
	</data>
	<data>
		<rhColMatricule>S0002</rhColMatricule>
		<rhColCivilite>MME</rhColCivilite>
		<rhColNom>DURAND</rhColNom>
		<rhColPrenom>Martine</rhColPrenom>
		<rhColUsrId.usr_login/>
		<rhColPhoto>RHCollaborateur/rhColPhoto/0/5/photo2.png</rhColPhoto>
		<rhColDateNaissance>1970-03-01</rhColDateNaissance>
		<rhColEmail>demo@simplicite.fr</rhColEmail>
		<rhColTelephone>+33 1 44 44 44 44</rhColTelephone>
		<rhColMobile>+33 1 65 65 65 65</rhColMobile>
		<rhColFax/>
		<rhColAdresse>30 Avenue de Wagram, 75008 Paris, France</rhColAdresse>
		<rhColComplement/>
		<rhColCodePostal>75008</rhColCodePostal>
		<rhColVille>Paris</rhColVille>
		<rhColCoords>48.8767211;2.2974197</rhColCoords>
		<rhColStatut>CDI</rhColStatut>
		<rhColDateDebut>2010-06-01</rhColDateDebut>
		<rhColDateFin/>
		<rhColSrvId.rhSrvCode>MKT</rhColSrvId.rhSrvCode>
		<rhColSrvId.rhSrvLibelle>Direction du Marketing</rhColSrvId.rhSrvLibelle>
		<rhColDateDebutSrv>2010-06-01</rhColDateDebutSrv>
		<rhColTitre>Chef de produit</rhColTitre>
	</data>
</object>
<object>
	<name>RHCompetence</name>
	<action>upsert</action>
	<data>
		<rhCmpNom>Animation de réunion</rhCmpNom>
		<rhCmpType>AUT</rhCmpType>
		<rhCmpDescription><![CDATA[Capacité à animer une réunion et à mener une présentation]]></rhCmpDescription>
	</data>
	<data>
		<rhCmpNom>Gestion d'équipe</rhCmpNom>
		<rhCmpType>ENC</rhCmpType>
		<rhCmpDescription><![CDATA[Compétences dans l'animation de son équipe.<br/>
Capacité à gérer les demandes de l'équipe vis à vis du managemet de niveau supérieur]]></rhCmpDescription>
	</data>
	<data>
		<rhCmpNom>Gestion de projet</rhCmpNom>
		<rhCmpType>FON</rhCmpType>
		<rhCmpDescription><![CDATA[Connaissance des méthodologies et des outils de gestion de projet]]></rhCmpDescription>
	</data>
	<data>
		<rhCmpNom>Anglais niv. 1</rhCmpNom>
		<rhCmpType>LNG</rhCmpType>
		<rhCmpDescription><![CDATA[Anglais <strong>conversationnel</strong>]]></rhCmpDescription>
	</data>
	<data>
		<rhCmpNom>Anglais niv. 2</rhCmpNom>
		<rhCmpType>LNG</rhCmpType>
		<rhCmpDescription><![CDATA[Anglais <strong>professionnel</strong>]]></rhCmpDescription>
	</data>
	<data>
		<rhCmpNom>Excel avancé</rhCmpNom>
		<rhCmpType>TEC</rhCmpType>
		<rhCmpDescription><![CDATA[Maîtrise des fonctions avancées du tableur <strong>Microsoft Excel</strong>]]></rhCmpDescription>
	</data>
	<data>
		<rhCmpNom>Excel basique</rhCmpNom>
		<rhCmpType>TEC</rhCmpType>
		<rhCmpDescription><![CDATA[Maîtrise de base du tableur <strong>Microsoft Excel</strong>]]></rhCmpDescription>
	</data>
</object>
<object>
	<name>RHCampagne</name>
	<action>upsert</action>
	<data>
		<rhCpgAnnee>2019</rhCpgAnnee>
		<rhCpgDateDebut>2019-10-05</rhCpgDateDebut>
		<rhCpgDateFin>2019-11-30</rhCpgDateFin>
		<rhCpgDescription><![CDATA[<p>Campagne 2019</p>]]></rhCpgDescription>
		<rhCpgNotice/>
	</data>
	<data>
		<rhCpgAnnee>2018</rhCpgAnnee>
		<rhCpgDateDebut>2018-10-01</rhCpgDateDebut>
		<rhCpgDateFin>2018-12-31</rhCpgDateFin>
		<rhCpgDescription><![CDATA[<p>La campagne 2018 se d&eacute;roulera selon de nouvelles modalit&eacute;s d&eacute;crites dans le document joint.</p>]]></rhCpgDescription>
		<rhCpgNotice>RHCampagne/rhCpgNotice/0/2/entretiens-2017.docx</rhCpgNotice>
	</data>
</object>
<object>
	<name>RHFormation</name>
	<action>upsert</action>
	<data>
		<rhFrmCode>COM</rhFrmCode>
		<rhFrmType>MKT</rhFrmType>
		<rhFrmLibelle>Communication</rhFrmLibelle>
		<rhFrmDisponible>1</rhFrmDisponible>
		<rhFrmDescription><![CDATA[<p>Les <strong>bases</strong> de la communication</p>]]></rhFrmDescription>
		<rhFrmProgramme/>
		<rhFrmPeriode>T2;T3</rhFrmPeriode>
		<rhFrmCout>2000</rhFrmCout>
	</data>
	<data>
		<rhFrmCode>OFFICE1</rhFrmCode>
		<rhFrmType>INF</rhFrmType>
		<rhFrmLibelle>Microsoft office - niveau 1</rhFrmLibelle>
		<rhFrmDisponible>1</rhFrmDisponible>
		<rhFrmDescription><![CDATA[<p>Microsoft Office - Niveau 1</p>
<ul>
<li>Word</li>
<li>Excel</li>
<li>Powerpoint</li>
</ul>]]></rhFrmDescription>
		<rhFrmProgramme/>
		<rhFrmPeriode>T1;T2;T4</rhFrmPeriode>
		<rhFrmCout>1000</rhFrmCout>
	</data>
	<data>
		<rhFrmCode>OFFICE2</rhFrmCode>
		<rhFrmType>INF</rhFrmType>
		<rhFrmLibelle>Microsoft office - niveau 2</rhFrmLibelle>
		<rhFrmDisponible>1</rhFrmDisponible>
		<rhFrmDescription><![CDATA[<p>Microsoft Office - Niveau 2</p>
<ul>
<li>Access</li>
<li>Publisher</li>
</ul>]]></rhFrmDescription>
		<rhFrmProgramme/>
		<rhFrmPeriode>T1;T2;T4</rhFrmPeriode>
		<rhFrmCout>1200</rhFrmCout>
	</data>
</object>
</simplicite>